Date,Platform,Post_Type,Theme,Hook,CTA,Owner,Asset_Link,Status
2025-08-04,LinkedIn,Carousel/Text,AI Use Case,AI will cut your ops time by 30%—here’s a 5‑minute playbook.,Comment 'PLAYBOOK' for the checklist.,Will,,Planned
2025-08-04,Instagram,Video,AI Use Case,AI will cut your ops time by 30%—here’s a 5‑minute playbook.,Comment 'PLAYBOOK' for the checklist.,Will,,Planned
2025-08-04,TikTok,Video,AI Use Case,AI will cut your ops time by 30%—here’s a 5‑minute playbook.,Comment 'PLAYBOOK' for the checklist.,Will,,Planned
2025-08-04,X,Carousel/Text,AI Use Case,AI will cut your ops time by 30%—here’s a 5‑minute playbook.,Comment 'PLAYBOOK' for the checklist.,Will,,Planned
2025-08-05,LinkedIn,Carousel/Text,Case Study,Your website is losing you deals. 3 fixes you can do this week.,DM 'SITE' for a free homepage teardown.,Carson,,Planned
2025-08-05,Instagram,Video,Case Study,Your website is losing you deals. 3 fixes you can do this week.,DM 'SITE' for a free homepage teardown.,Carson,,Planned
2025-08-05,TikTok,Video,Case Study,Your website is losing you deals. 3 fixes you can do this week.,DM 'SITE' for a free homepage teardown.,Carson,,Planned
2025-08-05,X,Carousel/Text,Case Study,Your website is losing you deals. 3 fixes you can do this week.,DM 'SITE' for a free homepage teardown.,Carson,,Planned
2025-08-06,LinkedIn,Carousel/Text,Contrarian/Brand,We built an SEO quick-win checklist—steal it.,Grab the template—link in bio.,Kyle,,Planned
2025-08-06,Instagram,Video,Contrarian/Brand,We built an SEO quick-win checklist—steal it.,Grab the template—link in bio.,Kyle,,Planned
2025-08-06,TikTok,Video,Contrarian/Brand,We built an SEO quick-win checklist—steal it.,Grab the template—link in bio.,Kyle,,Planned
2025-08-06,X,Carousel/Text,Contrarian/Brand,We built an SEO quick-win checklist—steal it.,Grab the template—link in bio.,Kyle,,Planned
2025-08-07,LinkedIn,Carousel/Text,AI Use Case,"$1,000 says we’ll find AI wins in your business. Want in?",Book the AI Discovery—spots this week.,Team,,Planned
2025-08-07,Instagram,Video,AI Use Case,"$1,000 says we’ll find AI wins in your business. Want in?",Book the AI Discovery—spots this week.,Team,,Planned
2025-08-07,TikTok,Video,AI Use Case,"$1,000 says we’ll find AI wins in your business. Want in?",Book the AI Discovery—spots this week.,Team,,Planned
2025-08-07,X,Carousel/Text,AI Use Case,"$1,000 says we’ll find AI wins in your business. Want in?",Book the AI Discovery—spots this week.,Team,,Planned
2025-08-08,LinkedIn,Carousel/Text,Case Study,Networking ≠ net-working. How we turn events into pipeline.,RSVP for Disruptors Connect.,Will,,Planned
2025-08-08,Instagram,Video,Case Study,Networking ≠ net-working. How we turn events into pipeline.,RSVP for Disruptors Connect.,Will,,Planned
2025-08-08,TikTok,Video,Case Study,Networking ≠ net-working. How we turn events into pipeline.,RSVP for Disruptors Connect.,Will,,Planned
2025-08-08,X,Carousel/Text,Case Study,Networking ≠ net-working. How we turn events into pipeline.,RSVP for Disruptors Connect.,Will,,Planned
2025-08-09,LinkedIn,Carousel/Text,Contrarian/Brand,Before/After: carousel template that closes demos.,Steal the carousel—free link in bio.,Carson,,Planned
2025-08-09,Instagram,Video,Contrarian/Brand,Before/After: carousel template that closes demos.,Steal the carousel—free link in bio.,Carson,,Planned
2025-08-09,TikTok,Video,Contrarian/Brand,Before/After: carousel template that closes demos.,Steal the carousel—free link in bio.,Carson,,Planned
2025-08-09,X,Carousel/Text,Contrarian/Brand,Before/After: carousel template that closes demos.,Steal the carousel—free link in bio.,Carson,,Planned
2025-08-10,LinkedIn,Carousel/Text,AI Use Case,The #1 automation every contractor should run.,Get the automation—DM 'FLOW'.,Kyle,,Planned
2025-08-10,Instagram,Video,AI Use Case,The #1 automation every contractor should run.,Get the automation—DM 'FLOW'.,Kyle,,Planned
2025-08-10,TikTok,Video,AI Use Case,The #1 automation every contractor should run.,Get the automation—DM 'FLOW'.,Kyle,,Planned
2025-08-10,X,Carousel/Text,AI Use Case,The #1 automation every contractor should run.,Get the automation—DM 'FLOW'.,Kyle,,Planned
2025-08-11,LinkedIn,Carousel/Text,Case Study,Bad billboard copy vs. good billboard copy (real examples).,Vote: which billboard would you call?,Team,,Planned
2025-08-11,Instagram,Video,Case Study,Bad billboard copy vs. good billboard copy (real examples).,Vote: which billboard would you call?,Team,,Planned
2025-08-11,TikTok,Video,Case Study,Bad billboard copy vs. good billboard copy (real examples).,Vote: which billboard would you call?,Team,,Planned
2025-08-11,X,Carousel/Text,Case Study,Bad billboard copy vs. good billboard copy (real examples).,Vote: which billboard would you call?,Team,,Planned
2025-08-12,LinkedIn,Carousel/Text,Contrarian/Brand,How we warm up cold leads without being spammy.,Reply 'REACT' and I’ll send our sequence.,Will,,Planned
2025-08-12,Instagram,Video,Contrarian/Brand,How we warm up cold leads without being spammy.,Reply 'REACT' and I’ll send our sequence.,Will,,Planned
2025-08-12,TikTok,Video,Contrarian/Brand,How we warm up cold leads without being spammy.,Reply 'REACT' and I’ll send our sequence.,Will,,Planned
2025-08-12,X,Carousel/Text,Contrarian/Brand,How we warm up cold leads without being spammy.,Reply 'REACT' and I’ll send our sequence.,Will,,Planned
2025-08-13,LinkedIn,Carousel/Text,AI Use Case,What to ask for in a testimonial to make it convert.,DM 'QUESTIONS' for our interview guide.,Carson,,Planned
2025-08-13,Instagram,Video,AI Use Case,What to ask for in a testimonial to make it convert.,DM 'QUESTIONS' for our interview guide.,Carson,,Planned
2025-08-13,TikTok,Video,AI Use Case,What to ask for in a testimonial to make it convert.,DM 'QUESTIONS' for our interview guide.,Carson,,Planned
2025-08-13,X,Carousel/Text,AI Use Case,What to ask for in a testimonial to make it convert.,DM 'QUESTIONS' for our interview guide.,Carson,,Planned
2025-08-14,LinkedIn,Carousel/Text,Case Study,3 AI prompts to improve inbound routing today.,Reply 'ROUTING' for the 3 prompts.,Kyle,,Planned
2025-08-14,Instagram,Video,Case Study,3 AI prompts to improve inbound routing today.,Reply 'ROUTING' for the 3 prompts.,Kyle,,Planned
2025-08-14,TikTok,Video,Case Study,3 AI prompts to improve inbound routing today.,Reply 'ROUTING' for the 3 prompts.,Kyle,,Planned
2025-08-14,X,Carousel/Text,Case Study,3 AI prompts to improve inbound routing today.,Reply 'ROUTING' for the 3 prompts.,Kyle,,Planned
2025-08-15,LinkedIn,Carousel/Text,Contrarian/Brand,Our exact weekly KPI dashboard (free template).,Download the KPI sheet—link in bio.,Team,,Planned
2025-08-15,Instagram,Video,Contrarian/Brand,Our exact weekly KPI dashboard (free template).,Download the KPI sheet—link in bio.,Team,,Planned
2025-08-15,TikTok,Video,Contrarian/Brand,Our exact weekly KPI dashboard (free template).,Download the KPI sheet—link in bio.,Team,,Planned
2025-08-15,X,Carousel/Text,Contrarian/Brand,Our exact weekly KPI dashboard (free template).,Download the KPI sheet—link in bio.,Team,,Planned
2025-08-16,LinkedIn,Carousel/Text,AI Use Case,Hook writing: 10 patterns that always get saved.,Save this and tag a teammate.,Will,,Planned
2025-08-16,Instagram,Video,AI Use Case,Hook writing: 10 patterns that always get saved.,Save this and tag a teammate.,Will,,Planned
2025-08-16,TikTok,Video,AI Use Case,Hook writing: 10 patterns that always get saved.,Save this and tag a teammate.,Will,,Planned
2025-08-16,X,Carousel/Text,AI Use Case,Hook writing: 10 patterns that always get saved.,Save this and tag a teammate.,Will,,Planned
2025-08-17,LinkedIn,Carousel/Text,Case Study,Behind the scenes: building a risk‑reversal offer.,Want details? Comment 'RISK'.,Carson,,Planned
2025-08-17,Instagram,Video,Case Study,Behind the scenes: building a risk‑reversal offer.,Want details? Comment 'RISK'.,Carson,,Planned
2025-08-17,TikTok,Video,Case Study,Behind the scenes: building a risk‑reversal offer.,Want details? Comment 'RISK'.,Carson,,Planned
2025-08-17,X,Carousel/Text,Case Study,Behind the scenes: building a risk‑reversal offer.,Want details? Comment 'RISK'.,Carson,,Planned
